mAP,mAP_50,mAP_75,mAP_small,mAP_medium,mAP_large,AR_1,AR_10,AR_100
0.46221011385935634,0.6932872110515794,0.45777478135856353,0.2717195398063494,0.4712640902352974,0.6411188910959896,0.35691173386212843,0.5614991089920703,0.6174500679377356
